url,title,headings,paragraphs,links,images,metadata
https://books.toscrape.com/,All products | Books to Scrape - Sandbox,All products | A Light in the ... | Tipping the Velvet | Soumission | Sharp Objects | Sapiens: A Brief History ... | The Requiem Red | The Dirty Little Secrets ... | The Coming Woman: A ... | The Boys in the ... | The Black Maria | Starving Hearts (Triangular Trade ... | Shakespeare's Sonnets | Set Me Free | Scott Pilgrim's Precious Little ... | Rip it Up and ... | Our Band Could Be ... | Olio | Mesaerion: The Best Science ... | Libertarianism for Beginners | It's Only the Himalayas,Â£51.77 | In stock | Â£53.74 | In stock | Â£50.10 | In stock | Â£47.82 | In stock | Â£54.23 | In stock | Â£22.65 | In stock | Â£33.34 | In stock | Â£17.93 | In stock | Â£22.60 | In stock | Â£52.15 | In stock | Â£13.99 | In stock | Â£20.66 | In stock | Â£17.46 | In stock | Â£52.29 | In stock | Â£35.02 | In stock | Â£57.25 | In stock | Â£23.88 | In stock | Â£37.59 | In stock | Â£51.33 | In stock | Â£45.17 | In stock,index.html | catalogue/category/books_1/index.html | catalogue/category/books/travel_2/index.html | catalogue/category/books/mystery_3/index.html | catalogue/category/books/historical-fiction_4/index.html | catalogue/category/books/sequential-art_5/index.html | catalogue/category/books/classics_6/index.html | catalogue/category/books/philosophy_7/index.html | catalogue/category/books/romance_8/index.html | catalogue/category/books/womens-fiction_9/index.html | catalogue/category/books/fiction_10/index.html | catalogue/category/books/childrens_11/index.html | catalogue/category/books/religion_12/index.html | catalogue/category/books/nonfiction_13/index.html | catalogue/category/books/music_14/index.html | catalogue/category/books/default_15/index.html | catalogue/category/books/science-fiction_16/index.html | catalogue/category/books/sports-and-games_17/index.html | catalogue/category/books/add-a-comment_18/index.html | catalogue/category/books/fantasy_19/index.html | catalogue/category/books/new-adult_20/index.html | catalogue/category/books/young-adult_21/index.html | catalogue/category/books/science_22/index.html | catalogue/category/books/poetry_23/index.html | catalogue/category/books/paranormal_24/index.html | catalogue/category/books/art_25/index.html | catalogue/category/books/psychology_26/index.html | catalogue/category/books/autobiography_27/index.html | catalogue/category/books/parenting_28/index.html | catalogue/category/books/adult-fiction_29/index.html | catalogue/category/books/humor_30/index.html | catalogue/category/books/horror_31/index.html | catalogue/category/books/history_32/index.html | catalogue/category/books/food-and-drink_33/index.html | catalogue/category/books/christian-fiction_34/index.html | catalogue/category/books/business_35/index.html | catalogue/category/books/biography_36/index.html | catalogue/category/books/thriller_37/index.html | catalogue/category/books/contemporary_38/index.html | catalogue/category/books/spirituality_39/index.html | catalogue/category/books/academic_40/index.html | catalogue/category/books/self-help_41/index.html | catalogue/category/books/historical_42/index.html | catalogue/category/books/christian_43/index.html | catalogue/category/books/suspense_44/index.html | catalogue/category/books/short-stories_45/index.html | catalogue/category/books/novels_46/index.html | catalogue/category/books/health_47/index.html | catalogue/category/books/politics_48/index.html | catalogue/category/books/cultural_49/index.html | catalogue/category/books/erotica_50/index.html | catalogue/category/books/crime_51/index.html | catalogue/a-light-in-the-attic_1000/index.html | catalogue/tipping-the-velvet_999/index.html | catalogue/soumission_998/index.html | catalogue/sharp-objects_997/index.html | catalogue/sapiens-a-brief-history-of-humankind_996/index.html | catalogue/the-requiem-red_995/index.html | catalogue/the-dirty-little-secrets-of-getting-your-dream-job_994/index.html | catalogue/the-coming-woman-a-novel-based-on-the-life-of-the-infamous-feminist-victoria-woodhull_993/index.html | catalogue/the-boys-in-the-boat-nine-americans-and-their-epic-quest-for-gold-at-the-1936-berlin-olympics_992/index.html | catalogue/the-black-maria_991/index.html | catalogue/starving-hearts-triangular-trade-trilogy-1_990/index.html | catalogue/shakespeares-sonnets_989/index.html | catalogue/set-me-free_988/index.html | catalogue/scott-pilgrims-precious-little-life-scott-pilgrim-1_987/index.html | catalogue/rip-it-up-and-start-again_986/index.html | catalogue/our-band-could-be-your-life-scenes-from-the-american-indie-underground-1981-1991_985/index.html | catalogue/olio_984/index.html | catalogue/mesaerion-the-best-science-fiction-stories-1800-1849_983/index.html | catalogue/libertarianism-for-beginners_982/index.html | catalogue/its-only-the-himalayas_981/index.html | catalogue/page-2.html,"media/cache/2c/da/2cdad67c44b002e7ead0cc35693c0e8b.jpg (A Light in the Attic) | media/cache/26/0c/260c6ae16bce31c8f8c95daddd9f4a1c.jpg (Tipping the Velvet) | media/cache/3e/ef/3eef99c9d9adef34639f510662022830.jpg (Soumission) | media/cache/32/51/3251cf3a3412f53f339e42cac2134093.jpg (Sharp Objects) | media/cache/be/a5/bea5697f2534a2f86a3ef27b5a8c12a6.jpg (Sapiens: A Brief History of Humankind) | media/cache/68/33/68339b4c9bc034267e1da611ab3b34f8.jpg (The Requiem Red) | media/cache/92/27/92274a95b7c251fea59a2b8a78275ab4.jpg (The Dirty Little Secrets of Getting Your Dream Job) | media/cache/3d/54/3d54940e57e662c4dd1f3ff00c78cc64.jpg (The Coming Woman: A Novel Based on the Life of the Infamous Feminist, Victoria Woodhull) | media/cache/66/88/66883b91f6804b2323c8369331cb7dd1.jpg (The Boys in the Boat: Nine Americans and Their Epic Quest for Gold at the 1936 Berlin Olympics) | media/cache/58/46/5846057e28022268153beff6d352b06c.jpg (The Black Maria) | media/cache/be/f4/bef44da28c98f905a3ebec0b87be8530.jpg (Starving Hearts (Triangular Trade Trilogy, #1)) | media/cache/10/48/1048f63d3b5061cd2f424d20b3f9b666.jpg (Shakespeare's Sonnets) | media/cache/5b/88/5b88c52633f53cacf162c15f4f823153.jpg (Set Me Free) | media/cache/94/b1/94b1b8b244bce9677c2f29ccc890d4d2.jpg (Scott Pilgrim's Precious Little Life (Scott Pilgrim #1)) | media/cache/81/c4/81c4a973364e17d01f217e1188253d5e.jpg (Rip it Up and Start Again) | media/cache/54/60/54607fe8945897cdcced0044103b10b6.jpg (Our Band Could Be Your Life: Scenes from the American Indie Underground, 1981-1991) | media/cache/55/33/553310a7162dfbc2c6d19a84da0df9e1.jpg (Olio) | media/cache/09/a3/09a3aef48557576e1a85ba7efea8ecb7.jpg (Mesaerion: The Best Science Fiction Stories 1800-1849) | media/cache/0b/bc/0bbcd0a6f4bcd81ccb1049a52736406e.jpg (Libertarianism for Beginners) | media/cache/27/a5/27a53d0bb95bdd88288eaf66c9230d7e.jpg (It's Only the Himalayas)","{""created"": ""24th Jun 2016 09:29"", ""viewport"": ""width=device-width"", ""robots"": ""NOARCHIVE,NOCACHE""}"
https://books.toscrape.com/catalogue/category/books_1/index.html,"Books | 
     Books to Scrape - Sandbox",Books | A Light in the ... | Tipping the Velvet | Soumission | Sharp Objects | Sapiens: A Brief History ... | The Requiem Red | The Dirty Little Secrets ... | The Coming Woman: A ... | The Boys in the ... | The Black Maria | Starving Hearts (Triangular Trade ... | Shakespeare's Sonnets | Set Me Free | Scott Pilgrim's Precious Little ... | Rip it Up and ... | Our Band Could Be ... | Olio | Mesaerion: The Best Science ... | Libertarianism for Beginners | It's Only the Himalayas,Â£51.77 | In stock | Â£53.74 | In stock | Â£50.10 | In stock | Â£47.82 | In stock | Â£54.23 | In stock | Â£22.65 | In stock | Â£33.34 | In stock | Â£17.93 | In stock | Â£22.60 | In stock | Â£52.15 | In stock | Â£13.99 | In stock | Â£20.66 | In stock | Â£17.46 | In stock | Â£52.29 | In stock | Â£35.02 | In stock | Â£57.25 | In stock | Â£23.88 | In stock | Â£37.59 | In stock | Â£51.33 | In stock | Â£45.17 | In stock,../../../index.html | index.html | ../books/travel_2/index.html | ../books/mystery_3/index.html | ../books/historical-fiction_4/index.html | ../books/sequential-art_5/index.html | ../books/classics_6/index.html | ../books/philosophy_7/index.html | ../books/romance_8/index.html | ../books/womens-fiction_9/index.html | ../books/fiction_10/index.html | ../books/childrens_11/index.html | ../books/religion_12/index.html | ../books/nonfiction_13/index.html | ../books/music_14/index.html | ../books/default_15/index.html | ../books/science-fiction_16/index.html | ../books/sports-and-games_17/index.html | ../books/add-a-comment_18/index.html | ../books/fantasy_19/index.html | ../books/new-adult_20/index.html | ../books/young-adult_21/index.html | ../books/science_22/index.html | ../books/poetry_23/index.html | ../books/paranormal_24/index.html | ../books/art_25/index.html | ../books/psychology_26/index.html | ../books/autobiography_27/index.html | ../books/parenting_28/index.html | ../books/adult-fiction_29/index.html | ../books/humor_30/index.html | ../books/horror_31/index.html | ../books/history_32/index.html | ../books/food-and-drink_33/index.html | ../books/christian-fiction_34/index.html | ../books/business_35/index.html | ../books/biography_36/index.html | ../books/thriller_37/index.html | ../books/contemporary_38/index.html | ../books/spirituality_39/index.html | ../books/academic_40/index.html | ../books/self-help_41/index.html | ../books/historical_42/index.html | ../books/christian_43/index.html | ../books/suspense_44/index.html | ../books/short-stories_45/index.html | ../books/novels_46/index.html | ../books/health_47/index.html | ../books/politics_48/index.html | ../books/cultural_49/index.html | ../books/erotica_50/index.html | ../books/crime_51/index.html | ../../a-light-in-the-attic_1000/index.html | ../../tipping-the-velvet_999/index.html | ../../soumission_998/index.html | ../../sharp-objects_997/index.html | ../../sapiens-a-brief-history-of-humankind_996/index.html | ../../the-requiem-red_995/index.html | ../../the-dirty-little-secrets-of-getting-your-dream-job_994/index.html | ../../the-coming-woman-a-novel-based-on-the-life-of-the-infamous-feminist-victoria-woodhull_993/index.html | ../../the-boys-in-the-boat-nine-americans-and-their-epic-quest-for-gold-at-the-1936-berlin-olympics_992/index.html | ../../the-black-maria_991/index.html | ../../starving-hearts-triangular-trade-trilogy-1_990/index.html | ../../shakespeares-sonnets_989/index.html | ../../set-me-free_988/index.html | ../../scott-pilgrims-precious-little-life-scott-pilgrim-1_987/index.html | ../../rip-it-up-and-start-again_986/index.html | ../../our-band-could-be-your-life-scenes-from-the-american-indie-underground-1981-1991_985/index.html | ../../olio_984/index.html | ../../mesaerion-the-best-science-fiction-stories-1800-1849_983/index.html | ../../libertarianism-for-beginners_982/index.html | ../../its-only-the-himalayas_981/index.html | page-2.html,"../../../media/cache/2c/da/2cdad67c44b002e7ead0cc35693c0e8b.jpg (A Light in the Attic) | ../../../media/cache/26/0c/260c6ae16bce31c8f8c95daddd9f4a1c.jpg (Tipping the Velvet) | ../../../media/cache/3e/ef/3eef99c9d9adef34639f510662022830.jpg (Soumission) | ../../../media/cache/32/51/3251cf3a3412f53f339e42cac2134093.jpg (Sharp Objects) | ../../../media/cache/be/a5/bea5697f2534a2f86a3ef27b5a8c12a6.jpg (Sapiens: A Brief History of Humankind) | ../../../media/cache/68/33/68339b4c9bc034267e1da611ab3b34f8.jpg (The Requiem Red) | ../../../media/cache/92/27/92274a95b7c251fea59a2b8a78275ab4.jpg (The Dirty Little Secrets of Getting Your Dream Job) | ../../../media/cache/3d/54/3d54940e57e662c4dd1f3ff00c78cc64.jpg (The Coming Woman: A Novel Based on the Life of the Infamous Feminist, Victoria Woodhull) | ../../../media/cache/66/88/66883b91f6804b2323c8369331cb7dd1.jpg (The Boys in the Boat: Nine Americans and Their Epic Quest for Gold at the 1936 Berlin Olympics) | ../../../media/cache/58/46/5846057e28022268153beff6d352b06c.jpg (The Black Maria) | ../../../media/cache/be/f4/bef44da28c98f905a3ebec0b87be8530.jpg (Starving Hearts (Triangular Trade Trilogy, #1)) | ../../../media/cache/10/48/1048f63d3b5061cd2f424d20b3f9b666.jpg (Shakespeare's Sonnets) | ../../../media/cache/5b/88/5b88c52633f53cacf162c15f4f823153.jpg (Set Me Free) | ../../../media/cache/94/b1/94b1b8b244bce9677c2f29ccc890d4d2.jpg (Scott Pilgrim's Precious Little Life (Scott Pilgrim #1)) | ../../../media/cache/81/c4/81c4a973364e17d01f217e1188253d5e.jpg (Rip it Up and Start Again) | ../../../media/cache/54/60/54607fe8945897cdcced0044103b10b6.jpg (Our Band Could Be Your Life: Scenes from the American Indie Underground, 1981-1991) | ../../../media/cache/55/33/553310a7162dfbc2c6d19a84da0df9e1.jpg (Olio) | ../../../media/cache/09/a3/09a3aef48557576e1a85ba7efea8ecb7.jpg (Mesaerion: The Best Science Fiction Stories 1800-1849) | ../../../media/cache/0b/bc/0bbcd0a6f4bcd81ccb1049a52736406e.jpg (Libertarianism for Beginners) | ../../../media/cache/27/a5/27a53d0bb95bdd88288eaf66c9230d7e.jpg (It's Only the Himalayas)","{""created"": ""24th Jun 2016 09:29"", ""description"": ""\n    \n"", ""viewport"": ""width=device-width"", ""robots"": ""NOARCHIVE,NOCACHE""}"
https://books.toscrape.com/catalogue/category/books/travel_2/index.html,"Travel | 
     Books to Scrape - Sandbox","Travel | It's Only the Himalayas | Full Moon over Noahâs ... | See America: A Celebration ... | Vagabonding: An Uncommon Guide ... | Under the Tuscan Sun | A Summer In Europe | The Great Railway Bazaar | A Year in Provence ... | The Road to Little ... | Neither Here nor There: ... | 1,000 Places to See ...",Â£45.17 | In stock | Â£49.43 | In stock | Â£48.87 | In stock | Â£36.94 | In stock | Â£37.33 | In stock | Â£44.34 | In stock | Â£30.54 | In stock | Â£56.88 | In stock | Â£23.21 | In stock | Â£38.95 | In stock | Â£26.08 | In stock,../../../../index.html | ../../books_1/index.html | index.html | ../mystery_3/index.html | ../historical-fiction_4/index.html | ../sequential-art_5/index.html | ../classics_6/index.html | ../philosophy_7/index.html | ../romance_8/index.html | ../womens-fiction_9/index.html | ../fiction_10/index.html | ../childrens_11/index.html | ../religion_12/index.html | ../nonfiction_13/index.html | ../music_14/index.html | ../default_15/index.html | ../science-fiction_16/index.html | ../sports-and-games_17/index.html | ../add-a-comment_18/index.html | ../fantasy_19/index.html | ../new-adult_20/index.html | ../young-adult_21/index.html | ../science_22/index.html | ../poetry_23/index.html | ../paranormal_24/index.html | ../art_25/index.html | ../psychology_26/index.html | ../autobiography_27/index.html | ../parenting_28/index.html | ../adult-fiction_29/index.html | ../humor_30/index.html | ../horror_31/index.html | ../history_32/index.html | ../food-and-drink_33/index.html | ../christian-fiction_34/index.html | ../business_35/index.html | ../biography_36/index.html | ../thriller_37/index.html | ../contemporary_38/index.html | ../spirituality_39/index.html | ../academic_40/index.html | ../self-help_41/index.html | ../historical_42/index.html | ../christian_43/index.html | ../suspense_44/index.html | ../short-stories_45/index.html | ../novels_46/index.html | ../health_47/index.html | ../politics_48/index.html | ../cultural_49/index.html | ../erotica_50/index.html | ../crime_51/index.html | ../../../its-only-the-himalayas_981/index.html | ../../../full-moon-over-noahs-ark-an-odyssey-to-mount-ararat-and-beyond_811/index.html | ../../../see-america-a-celebration-of-our-national-parks-treasured-sites_732/index.html | ../../../vagabonding-an-uncommon-guide-to-the-art-of-long-term-world-travel_552/index.html | ../../../under-the-tuscan-sun_504/index.html | ../../../a-summer-in-europe_458/index.html | ../../../the-great-railway-bazaar_446/index.html | ../../../a-year-in-provence-provence-1_421/index.html | ../../../the-road-to-little-dribbling-adventures-of-an-american-in-britain-notes-from-a-small-island-2_277/index.html | ../../../neither-here-nor-there-travels-in-europe_198/index.html | ../../../1000-places-to-see-before-you-die_1/index.html,"../../../../media/cache/27/a5/27a53d0bb95bdd88288eaf66c9230d7e.jpg (It's Only the Himalayas) | ../../../../media/cache/57/77/57770cac1628f4407636635f4b85e88c.jpg (Full Moon over Noahâs Ark: An Odyssey to Mount Ararat and Beyond) | ../../../../media/cache/9a/7e/9a7e63f12829df4b43b31d110bf3dc2e.jpg (See America: A Celebration of Our National Parks & Treasured Sites) | ../../../../media/cache/d5/bf/d5bf0090470b0b8ea46d9c166f7895aa.jpg (Vagabonding: An Uncommon Guide to the Art of Long-Term World Travel) | ../../../../media/cache/98/c2/98c2e95c5fd1a4e7cd5f2b63c52826cb.jpg (Under the Tuscan Sun) | ../../../../media/cache/4e/15/4e15150388702ebca2c5a523ac270539.jpg (A Summer In Europe) | ../../../../media/cache/76/de/76de41867f323d7f1f4fbe2fdfc1b2ba.jpg (The Great Railway Bazaar) | ../../../../media/cache/db/46/db46159b05faa5d95262112bf9c29ddd.jpg (A Year in Provence (Provence #1)) | ../../../../media/cache/e0/4f/e04f8eda2a2fa947aec17640202d9ab0.jpg (The Road to Little Dribbling: Adventures of an American in Britain (Notes From a Small Island #2)) | ../../../../media/cache/06/81/0681530a7bc301caf5c3257e1b0f0750.jpg (Neither Here nor There: Travels in Europe) | ../../../../media/cache/d7/0f/d70f7edd92705c45a82118c3ff6c299d.jpg (1,000 Places to See Before You Die)","{""created"": ""24th Jun 2016 09:29"", ""description"": ""\n    \n"", ""viewport"": ""width=device-width"", ""robots"": ""NOARCHIVE,NOCACHE""}"
https://books.toscrape.com/catalogue/category/books/mystery_3/index.html,"Mystery | 
     Books to Scrape - Sandbox","Mystery | Sharp Objects | In a Dark, Dark ... | The Past Never Ends | A Murder in Time | The Murder of Roger ... | The Last Mile (Amos ... | That Darkness (Gardiner and ... | Tastes Like Fear (DI ... | A Time of Torment ... | A Study in Scarlet ... | Poisonous (Max Revere Novels ... | Murder at the 42nd ... | Most Wanted | Hide Away (Eve Duncan ... | Boar Island (Anna Pigeon ... | The Widow | Playing with Fire | What Happened on Beale ... | The Bachelor Girl's Guide ... | Delivering the Truth (Quaker ...",Â£47.82 | In stock | Â£19.63 | In stock | Â£56.50 | In stock | Â£16.64 | In stock | Â£44.10 | In stock | Â£54.21 | In stock | Â£13.92 | In stock | Â£10.69 | In stock | Â£48.35 | In stock | Â£16.73 | In stock | Â£26.80 | In stock | Â£54.36 | In stock | Â£35.28 | In stock | Â£11.84 | In stock | Â£59.48 | In stock | Â£27.26 | In stock | Â£13.71 | In stock | Â£25.37 | In stock | Â£52.30 | In stock | Â£20.89 | In stock,../../../../index.html | ../../books_1/index.html | ../travel_2/index.html | index.html | ../historical-fiction_4/index.html | ../sequential-art_5/index.html | ../classics_6/index.html | ../philosophy_7/index.html | ../romance_8/index.html | ../womens-fiction_9/index.html | ../fiction_10/index.html | ../childrens_11/index.html | ../religion_12/index.html | ../nonfiction_13/index.html | ../music_14/index.html | ../default_15/index.html | ../science-fiction_16/index.html | ../sports-and-games_17/index.html | ../add-a-comment_18/index.html | ../fantasy_19/index.html | ../new-adult_20/index.html | ../young-adult_21/index.html | ../science_22/index.html | ../poetry_23/index.html | ../paranormal_24/index.html | ../art_25/index.html | ../psychology_26/index.html | ../autobiography_27/index.html | ../parenting_28/index.html | ../adult-fiction_29/index.html | ../humor_30/index.html | ../horror_31/index.html | ../history_32/index.html | ../food-and-drink_33/index.html | ../christian-fiction_34/index.html | ../business_35/index.html | ../biography_36/index.html | ../thriller_37/index.html | ../contemporary_38/index.html | ../spirituality_39/index.html | ../academic_40/index.html | ../self-help_41/index.html | ../historical_42/index.html | ../christian_43/index.html | ../suspense_44/index.html | ../short-stories_45/index.html | ../novels_46/index.html | ../health_47/index.html | ../politics_48/index.html | ../cultural_49/index.html | ../erotica_50/index.html | ../crime_51/index.html | ../../../sharp-objects_997/index.html | ../../../in-a-dark-dark-wood_963/index.html | ../../../the-past-never-ends_942/index.html | ../../../a-murder-in-time_877/index.html | ../../../the-murder-of-roger-ackroyd-hercule-poirot-4_852/index.html | ../../../the-last-mile-amos-decker-2_754/index.html | ../../../that-darkness-gardiner-and-renner-1_743/index.html | ../../../tastes-like-fear-di-marnie-rome-3_742/index.html | ../../../a-time-of-torment-charlie-parker-14_657/index.html | ../../../a-study-in-scarlet-sherlock-holmes-1_656/index.html | ../../../poisonous-max-revere-novels-3_627/index.html | ../../../murder-at-the-42nd-street-library-raymond-ambler-1_624/index.html | ../../../most-wanted_623/index.html | ../../../hide-away-eve-duncan-20_620/index.html | ../../../boar-island-anna-pigeon-19_613/index.html | ../../../the-widow_609/index.html | ../../../playing-with-fire_602/index.html | ../../../what-happened-on-beale-street-secrets-of-the-south-mysteries-2_506/index.html | ../../../the-bachelor-girls-guide-to-murder-herringford-and-watts-mysteries-1_491/index.html | ../../../delivering-the-truth-quaker-midwife-mystery-1_464/index.html | page-2.html,"../../../../media/cache/32/51/3251cf3a3412f53f339e42cac2134093.jpg (Sharp Objects) | ../../../../media/cache/23/85/238570a1c284e730dbc737a7e631ae2b.jpg (In a Dark, Dark Wood) | ../../../../media/cache/89/b8/89b850edb01851a91f64ba114b96acb6.jpg (The Past Never Ends) | ../../../../media/cache/11/aa/11aaad48b5f15e262456ca65294084da.jpg (A Murder in Time) | ../../../../media/cache/29/fe/29fe70b1b2e5a9ba61d4bd331255e19e.jpg (The Murder of Roger Ackroyd (Hercule Poirot #4)) | ../../../../media/cache/37/f1/37f118b4a56d866e1e8b563759d6966c.jpg (The Last Mile (Amos Decker #2)) | ../../../../media/cache/44/9e/449ed681142bc336646abee754e96639.jpg (That Darkness (Gardiner and Renner #1)) | ../../../../media/cache/3c/91/3c91d97266bd6dda322089695fb46daf.jpg (Tastes Like Fear (DI Marnie Rome #3)) | ../../../../media/cache/e8/c0/e8c0ba15066bab950ae161fd60949b9a.jpg (A Time of Torment (Charlie Parker #14)) | ../../../../media/cache/8f/a4/8fa41d6caa10e427356b8a590eb4d96b.jpg (A Study in Scarlet (Sherlock Holmes #1)) | ../../../../media/cache/23/52/2352718971d5e166fa9541a5a7d716fa.jpg (Poisonous (Max Revere Novels #3)) | ../../../../media/cache/c3/8d/c38d65cd155b67ca025f0655bd1bb095.jpg (Murder at the 42nd Street Library (Raymond Ambler #1)) | ../../../../media/cache/8b/bc/8bbc5ab4c3784b4d9b93eb0fd1fb6fd6.jpg (Most Wanted) | ../../../../media/cache/57/07/5707c3d5d4fd44d943d51730ba7d429a.jpg (Hide Away (Eve Duncan #20)) | ../../../../media/cache/d5/81/d58157866ea8f015a8e4c55b23b8c96f.jpg (Boar Island (Anna Pigeon #19)) | ../../../../media/cache/fd/71/fd71fb07247bf911505a351c0670c6dc.jpg (The Widow) | ../../../../media/cache/90/0b/900bd2e60d56b6480a4e8eb2dddb46d6.jpg (Playing with Fire) | ../../../../media/cache/c7/ab/c7abb5e32bd37118a87523dcee0a70a6.jpg (What Happened on Beale Street (Secrets of the South Mysteries #2)) | ../../../../media/cache/95/d7/95d7541679fcbd579b8a4f2b47231aaf.jpg (The Bachelor Girl's Guide to Murder (Herringford and Watts Mysteries #1)) | ../../../../media/cache/57/31/5731a5d46c2c1e88977eb5e6d1337a2e.jpg (Delivering the Truth (Quaker Midwife Mystery #1))","{""created"": ""24th Jun 2016 09:29"", ""description"": ""\n    \n"", ""viewport"": ""width=device-width"", ""robots"": ""NOARCHIVE,NOCACHE""}"
https://books.toscrape.com/catalogue/category/books/historical-fiction_4/index.html,"Historical Fiction | 
     Books to Scrape - Sandbox","Historical Fiction | Tipping the Velvet | Forever and Forever: The ... | A Flight of Arrows ... | The House by the ... | Mrs. Houdini | The Marriage of Opposites | Glory over Everything: Beyond ... | Love, Lies and Spies | A Paris Apartment | Lilac Girls | The Constant Princess (The ... | The Invention of Wings | World Without End (The ... | The Passion of Dolssa | Girl With a Pearl ... | Voyager (Outlander #3) | The Red Tent | The Last Painting of ... | The Guernsey Literary and ... | Girl in the Blue ...",Â£53.74 | In stock | Â£29.69 | In stock | Â£55.53 | In stock | Â£36.95 | In stock | Â£30.25 | In stock | Â£28.08 | In stock | Â£45.84 | In stock | Â£20.55 | In stock | Â£39.01 | In stock | Â£17.28 | In stock | Â£16.62 | In stock | Â£37.34 | In stock | Â£32.97 | In stock | Â£28.32 | In stock | Â£26.77 | In stock | Â£21.07 | In stock | Â£35.66 | In stock | Â£55.55 | In stock | Â£49.53 | In stock | Â£46.83 | In stock,../../../../index.html | ../../books_1/index.html | ../travel_2/index.html | ../mystery_3/index.html | index.html | ../sequential-art_5/index.html | ../classics_6/index.html | ../philosophy_7/index.html | ../romance_8/index.html | ../womens-fiction_9/index.html | ../fiction_10/index.html | ../childrens_11/index.html | ../religion_12/index.html | ../nonfiction_13/index.html | ../music_14/index.html | ../default_15/index.html | ../science-fiction_16/index.html | ../sports-and-games_17/index.html | ../add-a-comment_18/index.html | ../fantasy_19/index.html | ../new-adult_20/index.html | ../young-adult_21/index.html | ../science_22/index.html | ../poetry_23/index.html | ../paranormal_24/index.html | ../art_25/index.html | ../psychology_26/index.html | ../autobiography_27/index.html | ../parenting_28/index.html | ../adult-fiction_29/index.html | ../humor_30/index.html | ../horror_31/index.html | ../history_32/index.html | ../food-and-drink_33/index.html | ../christian-fiction_34/index.html | ../business_35/index.html | ../biography_36/index.html | ../thriller_37/index.html | ../contemporary_38/index.html | ../spirituality_39/index.html | ../academic_40/index.html | ../self-help_41/index.html | ../historical_42/index.html | ../christian_43/index.html | ../suspense_44/index.html | ../short-stories_45/index.html | ../novels_46/index.html | ../health_47/index.html | ../politics_48/index.html | ../cultural_49/index.html | ../erotica_50/index.html | ../crime_51/index.html | ../../../tipping-the-velvet_999/index.html | ../../../forever-and-forever-the-courtship-of-henry-longfellow-and-fanny-appleton_894/index.html | ../../../a-flight-of-arrows-the-pathfinders-2_876/index.html | ../../../the-house-by-the-lake_846/index.html | ../../../mrs-houdini_821/index.html | ../../../the-marriage-of-opposites_759/index.html | ../../../glory-over-everything-beyond-the-kitchen-house_696/index.html | ../../../love-lies-and-spies_622/index.html | ../../../a-paris-apartment_612/index.html | ../../../lilac-girls_597/index.html | ../../../the-constant-princess-the-tudor-court-1_493/index.html | ../../../the-invention-of-wings_448/index.html | ../../../world-without-end-the-pillars-of-the-earth-2_420/index.html | ../../../the-passion-of-dolssa_351/index.html | ../../../girl-with-a-pearl-earring_322/index.html | ../../../voyager-outlander-3_299/index.html | ../../../the-red-tent_273/index.html | ../../../the-last-painting-of-sara-de-vos_259/index.html | ../../../the-guernsey-literary-and-potato-peel-pie-society_253/index.html | ../../../girl-in-the-blue-coat_160/index.html | page-2.html,"../../../../media/cache/26/0c/260c6ae16bce31c8f8c95daddd9f4a1c.jpg (Tipping the Velvet) | ../../../../media/cache/d6/58/d658a1485b130ff26ca5fb0d5975ed2e.jpg (Forever and Forever: The Courtship of Henry Longfellow and Fanny Appleton) | ../../../../media/cache/82/96/8296f92b70fb1dafefecda92c1d51941.jpg (A Flight of Arrows (The Pathfinders #2)) | ../../../../media/cache/0d/cb/0dcb33d60b0e79adf8ab9842e697ea2e.jpg (The House by the Lake) | ../../../../media/cache/0e/fe/0efe86960cdff718aed01a5c3f65b1c3.jpg (Mrs. Houdini) | ../../../../media/cache/0f/c2/0fc21ec3489cb23116778ee84f425eca.jpg (The Marriage of Opposites) | ../../../../media/cache/96/41/964194a317f8ce5ed031bf4c9ceb43ab.jpg (Glory over Everything: Beyond The Kitchen House) | ../../../../media/cache/7a/22/7a224a6e174af91950e9b124afe54e0e.jpg (Love, Lies and Spies) | ../../../../media/cache/16/57/16575316618bd7e922d5b0e0f87de2ca.jpg (A Paris Apartment) | ../../../../media/cache/6c/2e/6c2e764e3ea89859b52df8de4f12af7a.jpg (Lilac Girls) | ../../../../media/cache/fc/80/fc80b999ff4b8ef24b7071f62d2bf6d1.jpg (The Constant Princess (The Tudor Court #1)) | ../../../../media/cache/62/fa/62fa1e72f06f05762db5d9cedf654153.jpg (The Invention of Wings) | ../../../../media/cache/be/7c/be7ce6fbc9a8e1a5a5b5c32e73cfd78a.jpg (World Without End (The Pillars of the Earth #2)) | ../../../../media/cache/6b/82/6b822681c4035131560d40dd3b5a6a2e.jpg (The Passion of Dolssa) | ../../../../media/cache/b7/ad/b7ad37d93d8401c84d7325aa645ff6d5.jpg (Girl With a Pearl Earring) | ../../../../media/cache/b5/d8/b5d813da01f2ccd7bcfe34e2b875e752.jpg (Voyager (Outlander #3)) | ../../../../media/cache/b2/8f/b28f211e50e74445ca071d4279d1080d.jpg (The Red Tent) | ../../../../media/cache/bf/fd/bffd473ab232c5f35e8c81bb927f1624.jpg (The Last Painting of Sara de Vos) | ../../../../media/cache/18/f7/18f7bf6366cd7a8b947fd790d808047b.jpg (The Guernsey Literary and Potato Peel Pie Society) | ../../../../media/cache/bf/7a/bf7a5bc1d1ebac5e9b6fbb147828a123.jpg (Girl in the Blue Coat)","{""created"": ""24th Jun 2016 09:29"", ""description"": ""\n    \n"", ""viewport"": ""width=device-width"", ""robots"": ""NOARCHIVE,NOCACHE""}"
https://books.toscrape.com/catalogue/category/books/sequential-art_5/index.html,"Sequential Art | 
     Books to Scrape - Sandbox","Sequential Art | Scott Pilgrim's Precious Little ... | Tsubasa: WoRLD CHRoNiCLE 2 ... | This One Summer | The Nameless City (The ... | Saga, Volume 5 (Saga ... | Rat Queens, Vol. 3: ... | Princess Jellyfish 2-in-1 Omnibus, ... | Pop Gun War, Volume ... | Patience | Outcast, Vol. 1: A ... | orange: The Complete Collection ... | Lumberjanes, Vol. 2: Friendship ... | Lumberjanes, Vol. 1: Beware ... | Lumberjanes Vol. 3: A ... | I Hate Fairyland, Vol. ... | I am a Hero ... | Giant Days, Vol. 2 ... | Danganronpa Volume 1 | Codename Baboushka, Volume 1: ... | Camp Midnight",Â£52.29 | In stock | Â£16.28 | In stock | Â£19.49 | In stock | Â£38.16 | In stock | Â£51.04 | In stock | Â£50.40 | In stock | Â£13.61 | In stock | Â£18.97 | In stock | Â£10.16 | In stock | Â£15.44 | In stock | Â£48.41 | In stock | Â£46.91 | In stock | Â£45.61 | In stock | Â£19.92 | In stock | Â£29.17 | In stock | Â£54.63 | In stock | Â£22.11 | In stock | Â£51.99 | In stock | Â£36.72 | In stock | Â£17.08 | In stock,../../../../index.html | ../../books_1/index.html | ../travel_2/index.html | ../mystery_3/index.html | ../historical-fiction_4/index.html | index.html | ../classics_6/index.html | ../philosophy_7/index.html | ../romance_8/index.html | ../womens-fiction_9/index.html | ../fiction_10/index.html | ../childrens_11/index.html | ../religion_12/index.html | ../nonfiction_13/index.html | ../music_14/index.html | ../default_15/index.html | ../science-fiction_16/index.html | ../sports-and-games_17/index.html | ../add-a-comment_18/index.html | ../fantasy_19/index.html | ../new-adult_20/index.html | ../young-adult_21/index.html | ../science_22/index.html | ../poetry_23/index.html | ../paranormal_24/index.html | ../art_25/index.html | ../psychology_26/index.html | ../autobiography_27/index.html | ../parenting_28/index.html | ../adult-fiction_29/index.html | ../humor_30/index.html | ../horror_31/index.html | ../history_32/index.html | ../food-and-drink_33/index.html | ../christian-fiction_34/index.html | ../business_35/index.html | ../biography_36/index.html | ../thriller_37/index.html | ../contemporary_38/index.html | ../spirituality_39/index.html | ../academic_40/index.html | ../self-help_41/index.html | ../historical_42/index.html | ../christian_43/index.html | ../suspense_44/index.html | ../short-stories_45/index.html | ../novels_46/index.html | ../health_47/index.html | ../politics_48/index.html | ../cultural_49/index.html | ../erotica_50/index.html | ../crime_51/index.html | ../../../scott-pilgrims-precious-little-life-scott-pilgrim-1_987/index.html | ../../../tsubasa-world-chronicle-2-tsubasa-world-chronicle-2_949/index.html | ../../../this-one-summer_947/index.html | ../../../the-nameless-city-the-nameless-city-1_940/index.html | ../../../saga-volume-5-saga-collected-editions-5_923/index.html | ../../../rat-queens-vol-3-demons-rat-queens-collected-editions-11-15_921/index.html | ../../../princess-jellyfish-2-in-1-omnibus-vol-01-princess-jellyfish-2-in-1-omnibus-1_920/index.html | ../../../pop-gun-war-volume-1-gift_918/index.html | ../../../patience_916/index.html | ../../../outcast-vol-1-a-darkness-surrounds-him-outcast-1_915/index.html | ../../../orange-the-complete-collection-1-orange-the-complete-collection-1_914/index.html | ../../../lumberjanes-vol-2-friendship-to-the-max-lumberjanes-5-8_907/index.html | ../../../lumberjanes-vol-1-beware-the-kitten-holy-lumberjanes-1-4_906/index.html | ../../../lumberjanes-vol-3-a-terrible-plan-lumberjanes-9-12_905/index.html | ../../../i-hate-fairyland-vol-1-madly-ever-after-i-hate-fairyland-compilations-1-5_899/index.html | ../../../i-am-a-hero-omnibus-volume-1_898/index.html | ../../../giant-days-vol-2-giant-days-5-8_895/index.html | ../../../danganronpa-volume-1_889/index.html | ../../../codename-baboushka-volume-1-the-conclave-of-death_887/index.html | ../../../camp-midnight_886/index.html | page-2.html,"../../../../media/cache/94/b1/94b1b8b244bce9677c2f29ccc890d4d2.jpg (Scott Pilgrim's Precious Little Life (Scott Pilgrim #1)) | ../../../../media/cache/36/df/36df4caaf1420b1183a8235355d39e69.jpg (Tsubasa: WoRLD CHRoNiCLE 2 (Tsubasa WoRLD CHRoNiCLE #2)) | ../../../../media/cache/c4/dd/c4ddd9ced89966b0602ec85e00cd5b61.jpg (This One Summer) | ../../../../media/cache/f4/79/f479de5f305c2ac0512702cf7155bb74.jpg (The Nameless City (The Nameless City #1)) | ../../../../media/cache/e1/ea/e1ea6cb36e62ae6dc7b805f68ab9a700.jpg (Saga, Volume 5 (Saga (Collected Editions) #5)) | ../../../../media/cache/f3/ef/f3efd43ae0fa85d9b325d5e8783e7af5.jpg (Rat Queens, Vol. 3: Demons (Rat Queens (Collected Editions) #11-15)) | ../../../../media/cache/78/0b/780b2c28122750c2c383846155815bf7.jpg (Princess Jellyfish 2-in-1 Omnibus, Vol. 01 (Princess Jellyfish 2-in-1 Omnibus #1)) | ../../../../media/cache/c8/2f/c82f629a31b3f47bdb17ac14aa51076d.jpg (Pop Gun War, Volume 1: Gift) | ../../../../media/cache/01/72/01726c619a05114dca75bd840095016d.jpg (Patience) | ../../../../media/cache/cb/00/cb004189f548d75ad430d3ed19e6daa9.jpg (Outcast, Vol. 1: A Darkness Surrounds Him (Outcast #1)) | ../../../../media/cache/03/88/03886a8502ca54dbce0d91c2568ab69d.jpg (orange: The Complete Collection 1 (orange: The Complete Collection #1)) | ../../../../media/cache/d3/15/d3158e8d3546fb90cced3c1d44a92a34.jpg (Lumberjanes, Vol. 2: Friendship to the Max (Lumberjanes #5-8)) | ../../../../media/cache/7e/a0/7ea062007ef00107e3c16d336b41fab2.jpg (Lumberjanes, Vol. 1: Beware the Kitten Holy (Lumberjanes #1-4)) | ../../../../media/cache/5f/b1/5fb1bf88dcfda795606745ce35be5975.jpg (Lumberjanes Vol. 3: A Terrible Plan (Lumberjanes #9-12)) | ../../../../media/cache/aa/74/aa74004807e97a79aa084b5db329a99b.jpg (I Hate Fairyland, Vol. 1: Madly Ever After (I Hate Fairyland (Compilations) #1-5)) | ../../../../media/cache/16/d4/16d443437126bf6d536a89312c1995a5.jpg (I am a Hero Omnibus Volume 1) | ../../../../media/cache/90/6f/906f0168b0e155a7077625499b1737b5.jpg (Giant Days, Vol. 2 (Giant Days #5-8)) | ../../../../media/cache/78/97/7897eea91c4a85aca58d925861d4afec.jpg (Danganronpa Volume 1) | ../../../../media/cache/f6/88/f688a9d6a89fdf38e4e88439ee9eda69.jpg (Codename Baboushka, Volume 1: The Conclave of Death) | ../../../../media/cache/dd/c9/ddc95df6754df8e71bf969c088056188.jpg (Camp Midnight)","{""created"": ""24th Jun 2016 09:29"", ""description"": ""\n    \n"", ""viewport"": ""width=device-width"", ""robots"": ""NOARCHIVE,NOCACHE""}"
https://books.toscrape.com/catalogue/category/books/classics_6/index.html,"Classics | 
     Books to Scrape - Sandbox",Classics | The Secret Garden | The Metamorphosis | The Pilgrim's Progress | The Hound of the ... | Little Women (Little Women ... | Gone with the Wind | Candide | Animal Farm | Wuthering Heights | The Picture of Dorian ... | The Complete Stories and ... | Beowulf | And Then There Were ... | The Story of Hong ... | The Little Prince | Sense and Sensibility | Of Mice and Men | Emma | Alice in Wonderland (Alice's ...,Â£15.08 | In stock | Â£28.58 | In stock | Â£50.26 | In stock | Â£14.82 | In stock | Â£28.07 | In stock | Â£32.49 | In stock | Â£58.63 | In stock | Â£57.22 | In stock | Â£17.73 | In stock | Â£29.70 | In stock | Â£26.78 | In stock | Â£38.35 | In stock | Â£35.01 | In stock | Â£43.19 | In stock | Â£45.42 | In stock | Â£37.46 | In stock | Â£47.11 | In stock | Â£32.93 | In stock | Â£55.53 | In stock,../../../../index.html | ../../books_1/index.html | ../travel_2/index.html | ../mystery_3/index.html | ../historical-fiction_4/index.html | ../sequential-art_5/index.html | index.html | ../philosophy_7/index.html | ../romance_8/index.html | ../womens-fiction_9/index.html | ../fiction_10/index.html | ../childrens_11/index.html | ../religion_12/index.html | ../nonfiction_13/index.html | ../music_14/index.html | ../default_15/index.html | ../science-fiction_16/index.html | ../sports-and-games_17/index.html | ../add-a-comment_18/index.html | ../fantasy_19/index.html | ../new-adult_20/index.html | ../young-adult_21/index.html | ../science_22/index.html | ../poetry_23/index.html | ../paranormal_24/index.html | ../art_25/index.html | ../psychology_26/index.html | ../autobiography_27/index.html | ../parenting_28/index.html | ../adult-fiction_29/index.html | ../humor_30/index.html | ../horror_31/index.html | ../history_32/index.html | ../food-and-drink_33/index.html | ../christian-fiction_34/index.html | ../business_35/index.html | ../biography_36/index.html | ../thriller_37/index.html | ../contemporary_38/index.html | ../spirituality_39/index.html | ../academic_40/index.html | ../self-help_41/index.html | ../historical_42/index.html | ../christian_43/index.html | ../suspense_44/index.html | ../short-stories_45/index.html | ../novels_46/index.html | ../health_47/index.html | ../politics_48/index.html | ../cultural_49/index.html | ../erotica_50/index.html | ../crime_51/index.html | ../../../the-secret-garden_413/index.html | ../../../the-metamorphosis_409/index.html | ../../../the-pilgrims-progress_353/index.html | ../../../the-hound-of-the-baskervilles-sherlock-holmes-5_348/index.html | ../../../little-women-little-women-1_331/index.html | ../../../gone-with-the-wind_324/index.html | ../../../candide_316/index.html | ../../../animal-farm_313/index.html | ../../../wuthering-heights_307/index.html | ../../../the-picture-of-dorian-gray_270/index.html | ../../../the-complete-stories-and-poems-the-works-of-edgar-allan-poe-cameo-edition_238/index.html | ../../../beowulf_126/index.html | ../../../and-then-there-were-none_119/index.html | ../../../the-story-of-hong-gildong_84/index.html | ../../../the-little-prince_72/index.html | ../../../sense-and-sensibility_49/index.html | ../../../of-mice-and-men_37/index.html | ../../../emma_17/index.html | ../../../alice-in-wonderland-alices-adventures-in-wonderland-1_5/index.html,../../../../media/cache/c5/46/c5465a06182ed6ebfa40d049258a2f58.jpg (The Secret Garden) | ../../../../media/cache/4a/1b/4a1b6e9c1af75db0dc34ae63344f6883.jpg (The Metamorphosis) | ../../../../media/cache/45/bb/45bb59d19eb3aa868293d44809078418.jpg (The Pilgrim's Progress) | ../../../../media/cache/1f/b0/1fb03cdabe6001c8a2620f65e025cbd5.jpg (The Hound of the Baskervilles (Sherlock Holmes #5)) | ../../../../media/cache/81/f5/81f559ebe403317226fa8b611e35ce8a.jpg (Little Women (Little Women #1)) | ../../../../media/cache/27/82/2782701b5c877cb063065b9fc14c5b13.jpg (Gone with the Wind) | ../../../../media/cache/e3/c4/e3c4aba2409bb769a6488805e3fc4709.jpg (Candide) | ../../../../media/cache/10/db/10db56354b4550d92270c6f097d9bebc.jpg (Animal Farm) | ../../../../media/cache/93/4e/934e966c1ddf559d3ac2b5c1407aaf1e.jpg (Wuthering Heights) | ../../../../media/cache/a6/72/a67245346daa38c2b23a4fc64c6e7115.jpg (The Picture of Dorian Gray) | ../../../../media/cache/42/c4/42c48f11b7e70a0f76c5ba9cb5c5018a.jpg (The Complete Stories and Poems (The Works of Edgar Allan Poe [Cameo Edition])) | ../../../../media/cache/dd/6e/dd6e7b84e99f3b4b5655ea0db74af2b4.jpg (Beowulf) | ../../../../media/cache/21/bf/21bf2eb0bff3134837def8bd40845ba0.jpg (And Then There Were None) | ../../../../media/cache/ab/16/ab16eb035cc58809a73c4699477de9cb.jpg (The Story of Hong Gildong) | ../../../../media/cache/c0/78/c078355608dd81c7c5e4f5e1c5f73d23.jpg (The Little Prince) | ../../../../media/cache/7d/53/7d53e2264b9647ee307259be9f73585d.jpg (Sense and Sensibility) | ../../../../media/cache/0f/ca/0fca4597765ffacdb7bd529fc5eb88fa.jpg (Of Mice and Men) | ../../../../media/cache/09/63/09638baaef52f03827c215029c632a13.jpg (Emma) | ../../../../media/cache/96/ee/96ee77d71a31b7694dac6855f6affe4e.jpg (Alice in Wonderland (Alice's Adventures in Wonderland #1)),"{""created"": ""24th Jun 2016 09:29"", ""description"": ""\n    \n"", ""viewport"": ""width=device-width"", ""robots"": ""NOARCHIVE,NOCACHE""}"
https://books.toscrape.com/catalogue/category/books/philosophy_7/index.html,"Philosophy | 
     Books to Scrape - Sandbox","Philosophy | Sophie's World | The Death of Humanity: ... | The Stranger | Proofs of God: Classical ... | Kierkegaard: A Christian Missionary ... | At The Existentialist CafÃ©: ... | Critique of Pure Reason | Run, Spot, Run: The ... | The Nicomachean Ethics | Meditations | Beyond Good and Evil",Â£15.94 | In stock | Â£58.11 | In stock | Â£17.44 | In stock | Â£54.21 | In stock | Â£47.13 | In stock | Â£29.93 | In stock | Â£20.75 | In stock | Â£20.02 | In stock | Â£36.34 | In stock | Â£25.89 | In stock | Â£43.38 | In stock,../../../../index.html | ../../books_1/index.html | ../travel_2/index.html | ../mystery_3/index.html | ../historical-fiction_4/index.html | ../sequential-art_5/index.html | ../classics_6/index.html | index.html | ../romance_8/index.html | ../womens-fiction_9/index.html | ../fiction_10/index.html | ../childrens_11/index.html | ../religion_12/index.html | ../nonfiction_13/index.html | ../music_14/index.html | ../default_15/index.html | ../science-fiction_16/index.html | ../sports-and-games_17/index.html | ../add-a-comment_18/index.html | ../fantasy_19/index.html | ../new-adult_20/index.html | ../young-adult_21/index.html | ../science_22/index.html | ../poetry_23/index.html | ../paranormal_24/index.html | ../art_25/index.html | ../psychology_26/index.html | ../autobiography_27/index.html | ../parenting_28/index.html | ../adult-fiction_29/index.html | ../humor_30/index.html | ../horror_31/index.html | ../history_32/index.html | ../food-and-drink_33/index.html | ../christian-fiction_34/index.html | ../business_35/index.html | ../biography_36/index.html | ../thriller_37/index.html | ../contemporary_38/index.html | ../spirituality_39/index.html | ../academic_40/index.html | ../self-help_41/index.html | ../historical_42/index.html | ../christian_43/index.html | ../suspense_44/index.html | ../short-stories_45/index.html | ../novels_46/index.html | ../health_47/index.html | ../politics_48/index.html | ../cultural_49/index.html | ../erotica_50/index.html | ../crime_51/index.html | ../../../sophies-world_966/index.html | ../../../the-death-of-humanity-and-the-case-for-life_932/index.html | ../../../the-stranger_861/index.html | ../../../proofs-of-god-classical-arguments-from-tertullian-to-barth_538/index.html | ../../../kierkegaard-a-christian-missionary-to-christians_527/index.html | ../../../at-the-existentialist-cafe-freedom-being-and-apricot-cocktails-with-jean-paul-sartre-simone-de-beauvoir-albert-camus-martin-heidegger-edmund-husserl-karl-jaspers-maurice-merleau-ponty-and-others_459/index.html | ../../../critique-of-pure-reason_366/index.html | ../../../run-spot-run-the-ethics-of-keeping-pets_106/index.html | ../../../the-nicomachean-ethics_75/index.html | ../../../meditations_33/index.html | ../../../beyond-good-and-evil_6/index.html,"../../../../media/cache/65/71/6571919836ec51ed54f0050c31d8a0cd.jpg (Sophie's World) | ../../../../media/cache/71/df/71df730cf38c232ee58a2e407135f055.jpg (The Death of Humanity: and the Case for Life) | ../../../../media/cache/ea/04/ea0476a6f4c318ceccf5e2f2b39f2b15.jpg (The Stranger) | ../../../../media/cache/3f/ef/3fef12d9da503693af12997c0ea0897f.jpg (Proofs of God: Classical Arguments from Tertullian to Barth) | ../../../../media/cache/05/ce/05ce699eaf78c0fae20308497c4f496a.jpg (Kierkegaard: A Christian Missionary to Christians) | ../../../../media/cache/de/76/de76d5c473c358bd41c03cf710692bfb.jpg (At The Existentialist CafÃ©: Freedom, Being, and apricot cocktails with: Jean-Paul Sartre, Simone de Beauvoir, Albert Camus, Martin Heidegger, Edmund Husserl, Karl Jaspers, Maurice Merleau-Ponty and others) | ../../../../media/cache/12/6e/126ef8f6473b81808ebbb9cff155e883.jpg (Critique of Pure Reason) | ../../../../media/cache/91/e6/91e6190dcdd7d6cdeb94a82b60917ec4.jpg (Run, Spot, Run: The Ethics of Keeping Pets) | ../../../../media/cache/f0/aa/f0aa9ae0319b1d6e0706e6053020e696.jpg (The Nicomachean Ethics) | ../../../../media/cache/df/c9/dfc9ed72e963572d23233b3a8cb01676.jpg (Meditations) | ../../../../media/cache/ab/45/ab45f300aa15066ad1260d6f1398d03e.jpg (Beyond Good and Evil)","{""created"": ""24th Jun 2016 09:29"", ""description"": ""\n    \n"", ""viewport"": ""width=device-width"", ""robots"": ""NOARCHIVE,NOCACHE""}"
https://books.toscrape.com/catalogue/category/books/romance_8/index.html,"Romance | 
     Books to Scrape - Sandbox","Romance | Chase Me (Paris Nights ... | Black Dust | Her Backup Boyfriend (The ... | First and First (Five ... | Fifty Shades Darker (Fifty ... | The Wedding Dress | Suddenly in Love (Lake ... | Something More Than This | Doing It Over (Most ... | The Wedding Pact (The ... | Hold Your Breath (Search ... | Dirty (Dive Bar #1) | Take Me Home Tonight ... | Off the Hook (Fishing ... | A Gentleman's Position (Society ... | Sit, Stay, Love | A Girl's Guide to ... | The Perfect Play (Play ... | Dark Lover (Black Dagger ... | Changing the Game (Play ...",Â£25.27 | In stock | Â£34.53 | In stock | Â£33.97 | In stock | Â£15.97 | In stock | Â£21.96 | In stock | Â£24.12 | In stock | Â£55.99 | In stock | Â£16.24 | In stock | Â£35.61 | In stock | Â£32.61 | In stock | Â£28.82 | In stock | Â£40.83 | In stock | Â£53.98 | In stock | Â£47.67 | In stock | Â£14.75 | In stock | Â£20.90 | In stock | Â£31.30 | In stock | Â£59.99 | In stock | Â£12.87 | In stock | Â£13.38 | In stock,../../../../index.html | ../../books_1/index.html | ../travel_2/index.html | ../mystery_3/index.html | ../historical-fiction_4/index.html | ../sequential-art_5/index.html | ../classics_6/index.html | ../philosophy_7/index.html | index.html | ../womens-fiction_9/index.html | ../fiction_10/index.html | ../childrens_11/index.html | ../religion_12/index.html | ../nonfiction_13/index.html | ../music_14/index.html | ../default_15/index.html | ../science-fiction_16/index.html | ../sports-and-games_17/index.html | ../add-a-comment_18/index.html | ../fantasy_19/index.html | ../new-adult_20/index.html | ../young-adult_21/index.html | ../science_22/index.html | ../poetry_23/index.html | ../paranormal_24/index.html | ../art_25/index.html | ../psychology_26/index.html | ../autobiography_27/index.html | ../parenting_28/index.html | ../adult-fiction_29/index.html | ../humor_30/index.html | ../horror_31/index.html | ../history_32/index.html | ../food-and-drink_33/index.html | ../christian-fiction_34/index.html | ../business_35/index.html | ../biography_36/index.html | ../thriller_37/index.html | ../contemporary_38/index.html | ../spirituality_39/index.html | ../academic_40/index.html | ../self-help_41/index.html | ../historical_42/index.html | ../christian_43/index.html | ../suspense_44/index.html | ../short-stories_45/index.html | ../novels_46/index.html | ../health_47/index.html | ../politics_48/index.html | ../cultural_49/index.html | ../erotica_50/index.html | ../crime_51/index.html | ../../../chase-me-paris-nights-2_977/index.html | ../../../black-dust_976/index.html | ../../../her-backup-boyfriend-the-sorensen-family-1_896/index.html | ../../../first-and-first-five-boroughs-3_893/index.html | ../../../fifty-shades-darker-fifty-shades-2_892/index.html | ../../../the-wedding-dress_864/index.html | ../../../suddenly-in-love-lake-haven-1_835/index.html | ../../../something-more-than-this_834/index.html | ../../../doing-it-over-most-likely-to-1_802/index.html | ../../../the-wedding-pact-the-omalleys-2_767/index.html | ../../../hold-your-breath-search-and-rescue-1_700/index.html | ../../../dirty-dive-bar-1_615/index.html | ../../../take-me-home-tonight-rock-star-romance-3_605/index.html | ../../../off-the-hook-fishing-for-trouble-1_601/index.html | ../../../a-gentlemans-position-society-of-gentlemen-3_584/index.html | ../../../sit-stay-love_486/index.html | ../../../a-girls-guide-to-moving-on-new-beginnings-2_359/index.html | ../../../the-perfect-play-play-by-play-1_352/index.html | ../../../dark-lover-black-dagger-brotherhood-1_319/index.html | ../../../changing-the-game-play-by-play-2_317/index.html | page-2.html,"../../../../media/cache/9c/2e/9c2e0eb8866b8e3f3b768994fd3d1c1a.jpg (Chase Me (Paris Nights #2)) | ../../../../media/cache/44/cc/44ccc99c8f82c33d4f9d2afa4ef25787.jpg (Black Dust) | ../../../../media/cache/1e/bb/1ebbbc3e2d3249b111033cfc40763b0b.jpg (Her Backup Boyfriend (The Sorensen Family #1)) | ../../../../media/cache/c4/d1/c4d1517cc9370e292366b6132ca9ca36.jpg (First and First (Five Boroughs #3)) | ../../../../media/cache/cc/bd/ccbdae9e29b3594301528fa2c876ec29.jpg (Fifty Shades Darker (Fifty Shades #2)) | ../../../../media/cache/28/99/28992d89f4abf54fba183fc8d074adf3.jpg (The Wedding Dress) | ../../../../media/cache/e9/f4/e9f4bc8cf5ffaea1504623c936e90a48.jpg (Suddenly in Love (Lake Haven #1)) | ../../../../media/cache/59/10/5910fbd8a95e8e9de9c660b71e0694e2.jpg (Something More Than This) | ../../../../media/cache/e9/25/e9250495a525eb203652ad9da85ccb8e.jpg (Doing It Over (Most Likely To #1)) | ../../../../media/cache/7e/67/7e67addd80caaf8a9f9e9daa9cf66bb2.jpg (The Wedding Pact (The O'Malleys #2)) | ../../../../media/cache/0b/89/0b89c3b317d0f89da48356a0b5959c1e.jpg (Hold Your Breath (Search and Rescue #1)) | ../../../../media/cache/ae/90/ae903f6f6d059954be4e85497dd76bf5.jpg (Dirty (Dive Bar #1)) | ../../../../media/cache/a6/4b/a64b3c559f59748bfdbbe75be3e16075.jpg (Take Me Home Tonight (Rock Star Romance #3)) | ../../../../media/cache/1d/78/1d78fe226e1adb9cb591fa21f8a9bf68.jpg (Off the Hook (Fishing for Trouble #1)) | ../../../../media/cache/f0/e0/f0e0db3edcb14293a52b51929cc72979.jpg (A Gentleman's Position (Society of Gentlemen #3)) | ../../../../media/cache/8e/40/8e408552c2e7ee81cd60c03c79f604af.jpg (Sit, Stay, Love) | ../../../../media/cache/f7/a9/f7a90a63f66ac92cc280def001970ed2.jpg (A Girl's Guide to Moving On (New Beginnings #2)) | ../../../../media/cache/40/16/4016ffba678f309171d8130135f6eb8e.jpg (The Perfect Play (Play by Play #1)) | ../../../../media/cache/3c/a2/3ca2e61181fc1122658af8f85354bae8.jpg (Dark Lover (Black Dagger Brotherhood #1)) | ../../../../media/cache/57/47/57472d9c6d483bee9c38c90bfa10b3ee.jpg (Changing the Game (Play by Play #2))","{""created"": ""24th Jun 2016 09:29"", ""description"": ""\n    \n"", ""viewport"": ""width=device-width"", ""robots"": ""NOARCHIVE,NOCACHE""}"
https://books.toscrape.com/catalogue/category/books/womens-fiction_9/index.html,"Womens Fiction | 
     Books to Scrape - Sandbox",Womens Fiction | I Had a Nice ... | Will You Won't You ... | Keep Me Posted | Grey (Fifty Shades #4) | Meternity | Some Women | Shopaholic Ties the Knot ... | Can You Keep a ... | Twenties Girl | The Undomestic Goddess | The Nanny Diaries (Nanny ... | The Devil Wears Prada ... | Something Borrowed (Darcy & ... | Something Blue (Darcy & ... | I've Got Your Number | The Edge of Reason ... | Bridget Jones's Diary (Bridget ...,Â£57.36 | In stock | Â£13.86 | In stock | Â£20.46 | In stock | Â£48.49 | In stock | Â£43.58 | In stock | Â£13.73 | In stock | Â£48.39 | In stock | Â£21.94 | In stock | Â£42.80 | In stock | Â£45.75 | In stock | Â£52.53 | In stock | Â£44.29 | In stock | Â£48.96 | In stock | Â£54.62 | In stock | Â£19.69 | In stock | Â£19.18 | In stock | Â£29.82 | In stock,../../../../index.html | ../../books_1/index.html | ../travel_2/index.html | ../mystery_3/index.html | ../historical-fiction_4/index.html | ../sequential-art_5/index.html | ../classics_6/index.html | ../philosophy_7/index.html | ../romance_8/index.html | index.html | ../fiction_10/index.html | ../childrens_11/index.html | ../religion_12/index.html | ../nonfiction_13/index.html | ../music_14/index.html | ../default_15/index.html | ../science-fiction_16/index.html | ../sports-and-games_17/index.html | ../add-a-comment_18/index.html | ../fantasy_19/index.html | ../new-adult_20/index.html | ../young-adult_21/index.html | ../science_22/index.html | ../poetry_23/index.html | ../paranormal_24/index.html | ../art_25/index.html | ../psychology_26/index.html | ../autobiography_27/index.html | ../parenting_28/index.html | ../adult-fiction_29/index.html | ../humor_30/index.html | ../horror_31/index.html | ../history_32/index.html | ../food-and-drink_33/index.html | ../christian-fiction_34/index.html | ../business_35/index.html | ../biography_36/index.html | ../thriller_37/index.html | ../contemporary_38/index.html | ../spirituality_39/index.html | ../academic_40/index.html | ../self-help_41/index.html | ../historical_42/index.html | ../christian_43/index.html | ../suspense_44/index.html | ../short-stories_45/index.html | ../novels_46/index.html | ../health_47/index.html | ../politics_48/index.html | ../cultural_49/index.html | ../erotica_50/index.html | ../crime_51/index.html | ../../../i-had-a-nice-time-and-other-lies-how-to-find-love-sht-like-that_814/index.html | ../../../will-you-wont-you-want-me_644/index.html | ../../../keep-me-posted_594/index.html | ../../../grey-fifty-shades-4_592/index.html | ../../../meternity_478/index.html | ../../../some-women_341/index.html | ../../../shopaholic-ties-the-knot-shopaholic-3_340/index.html | ../../../can-you-keep-a-secret_315/index.html | ../../../twenties-girl_292/index.html | ../../../the-undomestic-goddess_286/index.html | ../../../the-nanny-diaries-nanny-1_265/index.html | ../../../the-devil-wears-prada-the-devil-wears-prada-1_243/index.html | ../../../something-borrowed-darcy-rachel-1_224/index.html | ../../../something-blue-darcy-rachel-2_223/index.html | ../../../ive-got-your-number_173/index.html | ../../../the-edge-of-reason-bridget-jones-2_63/index.html | ../../../bridget-joness-diary-bridget-jones-1_10/index.html,../../../../media/cache/5f/72/5f72c8a0d5a7292e2929a354ec8a022f.jpg (I Had a Nice Time And Other Lies...: How to find love & sh*t like that) | ../../../../media/cache/16/e3/16e3ca741956485119251e7442a67e2e.jpg (Will You Won't You Want Me?) | ../../../../media/cache/ae/ac/aeac003461b89c7ef826251d940b2afc.jpg (Keep Me Posted) | ../../../../media/cache/bb/ee/bbeeab4c4ce572c0e9764e3a96c6d4a5.jpg (Grey (Fifty Shades #4)) | ../../../../media/cache/39/e3/39e33ebef2d7a35dd6899541eba8306d.jpg (Meternity) | ../../../../media/cache/27/b7/27b7f4ec590965b5acc15dc4b1376684.jpg (Some Women) | ../../../../media/cache/ac/ba/acba5e4e1813b8c1fff4890f1efef3ab.jpg (Shopaholic Ties the Knot (Shopaholic #3)) | ../../../../media/cache/72/73/7273ff1bfe3b0a6aab7f54ddf9be7b44.jpg (Can You Keep a Secret?) | ../../../../media/cache/a0/fa/a0fa38039f6a674a7c89dfe2be866259.jpg (Twenties Girl) | ../../../../media/cache/13/8f/138f4cf84be250d08e1f5c1db3643dbc.jpg (The Undomestic Goddess) | ../../../../media/cache/63/5f/635fb981e464f7427787824b20a15e71.jpg (The Nanny Diaries (Nanny #1)) | ../../../../media/cache/87/d3/87d34d376555dd0cb75030d1059cc144.jpg (The Devil Wears Prada (The Devil Wears Prada #1)) | ../../../../media/cache/6d/6d/6d6d5799190b4f9ef89f3bbc8b67d60d.jpg (Something Borrowed (Darcy & Rachel #1)) | ../../../../media/cache/72/f5/72f5ed312bc82afa386c9cd48d4e36dd.jpg (Something Blue (Darcy & Rachel #2)) | ../../../../media/cache/b2/df/b2df826432771838819db89c20e20609.jpg (I've Got Your Number) | ../../../../media/cache/db/34/db341aa83daa76cd9f9bd2c86ccb5dba.jpg (The Edge of Reason (Bridget Jones #2)) | ../../../../media/cache/0c/32/0c329cbd2adf4e0dc825f892106673b2.jpg (Bridget Jones's Diary (Bridget Jones #1)),"{""created"": ""24th Jun 2016 09:29"", ""description"": ""\n    \n"", ""viewport"": ""width=device-width"", ""robots"": ""NOARCHIVE,NOCACHE""}"
